町丁コード,区,町丁名,経度,緯度,総人口_累計,リスク加重人口_累計,最寄りAED距離_km,500m以内AED数
14131001001,川崎区,中瀬一丁目,139.72839,35.541375,0,0.0,0.5793295214010388,0
14131001002,川崎区,中瀬二丁目,139.727781,35.537671,19030,135466.96,0.1697273632541562,2
14131001003,川崎区,中瀬三丁目,139.732389,35.538605,55554,300501.2,0.3459637607122523,3
14131002001,川崎区,大師駅前一丁目,139.726888,35.534737,20000,133875.38,0.15450446760039857,5
14131002002,川崎区,大師駅前二丁目,139.723248,35.534103,32851,175177.65,0.09007254533671813,4
14131003001,川崎区,川中島一丁目,139.726841,35.532268,21026,144382.35,0.15672176698433085,5
14131003002,川崎区,川中島二丁目,139.727472,35.530287,9283,64883.270000000004,0.16156376780219217,4
14131004000,川崎区,伊勢町,139.721602,35.531991,24872,158357.6,0.2534920537719927,7
14131005001,川崎区,藤崎一丁目,139.720948,35.529388,24160,163059.72,0.053478078010119764,8
14131005002,川崎区,藤崎二丁目,139.72068,35.52672,16606,113541.19,0.11122472148525496,10
14131005003,川崎区,藤崎三丁目,139.724088,35.527824,19858,137962.71,0.22081039529373694,7
14131005004,川崎区,藤崎四丁目,139.722141,35.524411,32428,225413.29,0.08319586413601614,11
14131006001,川崎区,観音一丁目,139.726357,35.527475,25049,160461.68,0.23670543173320321,7
14131006002,川崎区,観音二丁目,139.729473,35.52751,31461,185053.5,0.19071763265350505,6
14131007001,川崎区,池上新町一丁目,139.728017,35.523199,9038,63283.93,0.08654888601411863,7
14131007002,川崎区,池上新町二丁目,139.73028,35.52445,28534,191004.68,0.1808218319068488,8
14131007003,川崎区,池上新町三丁目,139.733766,35.521816,728,8667.52,0.20995128041304875,6
14131008000,川崎区,四谷上町,139.734512,35.527536,46059,304920.3,0.19765032247353867,7
14131009000,川崎区,四谷下町,139.738079,35.525468,14240,88575.87,0.150670549925487,4
14131010000,川崎区,大師公園,139.731402,35.531814,0,0.0,0.11552531213050934,10
14131011000,川崎区,台町,139.732887,35.530165,19850,119926.06,0.12986041690281575,10
14131012001,川崎区,昭和一丁目,139.737099,35.533116,8892,65145.950000000004,0.13270545543439016,12
14131012002,川崎区,昭和二丁目,139.737592,35.530968,22623,151060.78,0.1957530292064534,12
14131013000,川崎区,出来野,139.739885,35.533681,13328,88018.18000000001,0.0935906050740537,7
14131014000,川崎区,大師本町,139.730166,35.535748,13423,90941.51,0.2955410612823686,6
14131015000,川崎区,大師町,139.730628,35.53386,7217,53154.81,0.2734547394612445,7
14131016001,川崎区,東門前一丁目,139.733307,35.535562,9595,60912.75,0.20665187966307938,8
14131016002,川崎区,東門前二丁目,139.734664,35.533411,4034,29776.87,0.07701587936933016,12
14131016003,川崎区,東門前三丁目,139.736458,35.535558,22980,125546.19,0.12603678928096274,12
14131017001,川崎区,大師河原一丁目,139.738454,35.54065,10624,63325.270000000004,0.15691651194192496,2
14131017002,川崎区,大師河原二丁目,139.739911,35.536032,24547,123855.57,0.024252442661908145,8
14131018001,川崎区,殿町一丁目,139.743459,35.540802,19745,120150.35,0.3165790394084517,4
14131018002,川崎区,殿町二丁目,139.747401,35.541009,11613,73507.6,0.2903864993630243,5
14131018003,川崎区,殿町三丁目,139.757853,35.540165,9256,51580.99,0.5585054539651753,0
14131019000,川崎区,小島町,139.756791,35.534437,123,538.78,0.6072352851501341,0
14131020001,川崎区,江川一丁目,139.743974,35.536602,5431,36071.28,0.11017340632248139,7
14131020002,川崎区,江川二丁目,139.74749,35.536267,15458,82521.6,0.24535658901273116,8
14131021001,川崎区,田町一丁目,139.742182,35.535289,3281,22574.68,0.20967873229855433,8
14131021002,川崎区,田町二丁目,139.745307,35.534536,21205,144155.8,0.1560233488028113,8
14131021003,川崎区,田町三丁目,139.749543,35.534778,2894,19031.56,0.09334715316529633,6
14131022001,川崎区,日ノ出一丁目,139.741918,35.531913,8953,61055.81,0.17571060618672077,7
14131022002,川崎区,日ノ出二丁目,139.74415,35.531786,9354,59921.33,0.14743187791442608,5
14131023001,川崎区,塩浜一丁目,139.740963,35.528522,12005,74827.72,0.21334648785923477,4
14131023002,川崎区,塩浜二丁目,139.738406,35.52318,5985,39424.340000000004,0.04152588992057083,6
14131023003,川崎区,塩浜三丁目,139.741117,35.521646,3664,27400.59,0.2019519717713815,6
14131023004,川崎区,塩浜四丁目,139.746477,35.529171,648,3677.95,0.2837109281007079,4
14131024001,川崎区,夜光一丁目,139.751951,35.528102,406,5872.71,0.364691421491217,2
14131024002,川崎区,夜光二丁目,139.747666,35.522538,0,0.0,0.3663208232619652,4
14131024003,川崎区,夜光三丁目,139.74114,35.51764,0,0.0,0.1866778662854942,3
14131025000,川崎区,浮島町,139.777377,35.52168,4,13.489999999999998,0.9084866727561194,0
14131026000,川崎区,千鳥町,139.75682,35.516789,93,287.03999999999996,0.23776827793573316,2
14131027000,川崎区,水江町,139.740029,35.508848,0,0.0,0.4958420862669315,1
14131028000,川崎区,東扇島,139.756993,35.497113,33,314.13,0.5978587674159952,0
14131051001,川崎区,桜本一丁目,139.722867,35.519253,25533,159751.27,0.03516786084403088,7
14131051002,川崎区,桜本二丁目,139.725539,35.521702,31346,214782.59,0.21481316494121844,8
14131052001,川崎区,浜町一丁目,139.717549,35.516755,17256,117048.66,0.017683934643484635,8
14131052002,川崎区,浜町二丁目,139.717802,35.513978,22110,139638.15,0.04677926077290555,9
14131052003,川崎区,浜町三丁目,139.719757,35.517457,12952,85391.53,0.10918968481184374,11
14131052004,川崎区,浜町四丁目,139.721964,35.516017,8890,55080.56,0.19682817585149368,8
14131053000,川崎区,追分町,139.714665,35.519319,21905,152073.82,0.17404082699010667,9
14131054001,川崎区,鋼管通一丁目,139.712786,35.517836,18080,121903.15000000001,0.07555054124155239,14
14131054002,川崎区,鋼管通二丁目,139.715309,35.516347,12038,82597.38,0.21320510391807834,14
14131054003,川崎区,鋼管通三丁目,139.713706,35.514017,10814,74132.07,0.10866706349659917,15
14131054004,川崎区,鋼管通四丁目,139.712371,35.511721,8720,54026.16,0.04232292580562625,14
14131054005,川崎区,鋼管通五丁目,139.714125,35.510741,206,2889.15,0.1957728374403412,7
14131055000,川崎区,田島町,139.710342,35.516538,18080,122109.43000000001,0.0647414951399521,13
14131056001,川崎区,小田栄一丁目,139.70445,35.516094,13361,93496.48,0.12849453024804935,13
14131056002,川崎区,小田栄二丁目,139.708781,35.513671,59151,285309.56,0.12010262808007609,15
14131057001,川崎区,小田一丁目,139.698993,35.515907,20533,138585.87,0.13153002014179063,7
14131057002,川崎区,小田二丁目,139.699537,35.513514,23364,160856.62,0.12206434455392626,9
14131057003,川崎区,小田三丁目,139.703904,35.513619,19097,134869.6,0.14267149909064097,12
14131057004,川崎区,小田四丁目,139.700389,35.510739,24490,161460.19,0.15803057918407393,12
14131057005,川崎区,小田五丁目,139.705948,35.511217,28688,182470.75,0.09650773615616057,8
14131057006,川崎区,小田六丁目,139.705668,35.509135,13105,91158.6,0.29118158978385683,7
14131057007,川崎区,小田七丁目,139.708588,35.509175,13944,67280.55,0.065738802348007,4
14131058001,川崎区,浅田一丁目,139.704824,35.507029,13104,90432.29000000001,0.17415363263877187,5
14131058002,川崎区,浅田二丁目,139.702624,35.507214,18089,129582.58,0.03093392649406258,6
14131058003,川崎区,浅田三丁目,139.699955,35.507363,15797,116654.34,0.15675098194161788,7
14131058004,川崎区,浅田四丁目,139.700361,35.504524,15310,100714.82,0.15369272968276235,3
14131059000,川崎区,池上町,139.731499,35.517417,5703,42469.64,0.17551416912530218,2
14131060000,川崎区,浅野町,139.725528,35.513214,3,17.82,0.2545843828443265,2
14131061000,川崎区,南渡田町,139.716417,35.508667,34,198.78,0.2703689327735844,2
14131062000,川崎区,田辺新田,139.707192,35.504775,17,277.83,0.45616346297119026,3
14131063000,川崎区,白石町,139.709411,35.500709,173,1482.04,0.19552585695108252,1
14131064000,川崎区,大川町,139.712996,35.495061,1,5.6,0.05538254402428796,1
14131065000,川崎区,扇町,139.723869,35.502505,250,3010.96,1.063778914312284,0
14131066000,川崎区,扇島,139.729087,35.48222,0,0.0,2.0901691244081007,0
14131067000,川崎区,水面,139.772604,35.491028,0,0.0,1.0388980260676897,0
14131101000,川崎区,駅前本町,139.69959,35.532053,3884,26803.45,0.04030288400945711,32
14131102001,川崎区,砂子一丁目,139.701494,35.531708,5332,35901.4,0.02991396124491333,32
14131102002,川崎区,砂子二丁目,139.700493,35.529232,9974,66805.06,0.07122386399062926,33
14131103001,川崎区,本町一丁目,139.703312,35.533309,15896,106010.19,0.10828329130148244,26
14131103002,川崎区,本町二丁目,139.705501,35.535232,29863,198509.94,0.15717609838650273,8
14131104000,川崎区,堀之内町,139.706027,35.533091,11862,71978.82,0.1733004316833386,27
14131105000,川崎区,宮本町,139.704135,35.531009,11386,71981.67,0.09479180883161255,35
14131106000,川崎区,東田町,139.702623,35.528482,12949,82915.11,0.10852195625698913,36
14131107000,川崎区,日進町,139.694421,35.526129,64080,427343.56,0.13292268371132573,17
14131108000,川崎区,小川町,139.697507,35.527433,21938,131406.97,0.12882597188923653,22
14131109000,川崎区,南町,139.698971,35.525758,32435,201993.76,0.0428771192552588,14
14131110000,川崎区,堤根,139.689753,35.525401,2331,14934.42,0.21885248710106023,10
14131111000,川崎区,下並木,139.689986,35.523355,29316,178949.6,0.11545198857416525,12
14131112001,川崎区,池田一丁目,139.691249,35.521433,18710,123603.68,0.09751817421607903,12
14131112002,川崎区,池田二丁目,139.69235,35.520331,10863,71863.88,0.10006675113081201,9
14131113001,川崎区,京町一丁目,139.693743,35.517839,29606,179142.09,0.013802701858814772,6
14131113002,川崎区,京町二丁目,139.695246,35.513607,30662,218004.93,0.30436254739222884,5
14131113003,川崎区,京町三丁目,139.696892,35.508879,37057,241440.95,0.11318470673720608,6
14131114000,川崎区,渡田山王町,139.696583,35.518604,19596,132745.1,0.2636643958160476,7
14131115001,川崎区,元木一丁目,139.699286,35.523824,11072,66859.36,0.0960412524004276,8
14131115002,川崎区,元木二丁目,139.695988,35.522232,9911,65994.81,0.10181252138452479,13
14131116001,川崎区,渡田新町一丁目,139.700173,35.522141,7479,50066.3,0.27956544348730467,9
14131116002,川崎区,渡田新町二丁目,139.699332,35.521099,10131,65189.090000000004,0.24356992248034443,10
14131116003,川崎区,渡田新町三丁目,139.698839,35.519706,14699,103147.54000000001,0.24182981508107854,7
14131117000,川崎区,渡田向町,139.70317,35.52173,19382,131338.33,0.13947898896661703,8
14131118001,川崎区,渡田一丁目,139.707561,35.522843,22427,145612.15,0.08732065798987272,8
14131118002,川崎区,渡田二丁目,139.706223,35.520872,13307,91265.93000000001,0.18896897925180012,7
14131118003,川崎区,渡田三丁目,139.705155,35.518893,8923,60058.87,0.18733022843235356,9
14131118004,川崎区,渡田四丁目,139.703147,35.517921,12722,80565.82,0.2106141452171364,11
14131119000,川崎区,大島上町,139.710214,35.520765,23015,151218.68,0.2160777398528462,5
14131120000,川崎区,渡田東町,139.707857,35.518216,12202,83338.95,0.11036366113395163,14
14131121001,川崎区,大島一丁目,139.71187,35.524222,22892,154273.07,0.2144785548732763,16
14131121002,川崎区,大島二丁目,139.714702,35.521453,11423,80435.98,0.1242757087869825,7
14131121003,川崎区,大島三丁目,139.718183,35.520703,23407,158420.77,0.08606183574413054,13
14131121004,川崎区,大島四丁目,139.714789,35.524337,19513,124999.44,0.052921771671534806,13
14131121005,川崎区,大島五丁目,139.718387,35.523711,22059,152413.66,0.11918617610139799,14
14131122000,川崎区,宮前町,139.705598,35.528219,15195,93041.78,0.06935986941220115,33
14131123000,川崎区,新川通,139.705161,35.526419,9818,73594.67,0.06343869008749621,27
14131124000,川崎区,境町,139.708623,35.52514,18141,113386.18000000001,0.1939482888761927,18
14131125001,川崎区,貝塚一丁目,139.702194,35.525202,19406,122839.47,0.23783092400034034,10
14131125002,川崎区,貝塚二丁目,139.704153,35.524279,18245,110937.15,0.13189667994695192,9
14131126000,川崎区,榎町,139.706525,35.530708,20066,110165.76,0.09589278291436797,36
14131127001,川崎区,富士見一丁目,139.71087,35.531649,21322,114664.77,0.13158868656707798,18
14131127002,川崎区,富士見二丁目,139.710858,35.527809,6790,39374.27,0.08476010122420605,23
14131128001,川崎区,中島一丁目,139.716497,35.53004,9790,61879.51,0.1841219925776683,10
14131128002,川崎区,中島二丁目,139.71645,35.52868,12840,89301.42,0.19963168564926723,13
14131128003,川崎区,中島三丁目,139.716258,35.526948,15184,96926.72,0.12781502036454806,16
14131129001,川崎区,旭町一丁目,139.71039,35.535094,11552,77299.75,0.2875436091499571,1
14131129002,川崎区,旭町二丁目,139.716572,35.531955,18256,123095.14,0.15713793988738248,7
14131130000,川崎区,港町,139.715941,35.535177,51269,276534.0,0.35575317391314537,2
14131131000,川崎区,鈴木町,139.722188,35.538057,0,0.0,0.3681841960235678,2
14132201001,幸区,戸手本町一丁目,139.687137,35.543219,18480,107408.59,0.0747275442464239,16
14132201002,幸区,戸手本町二丁目,139.686254,35.540008,53701,288956.23,0.1809152286201145,13
14132202000,幸区,紺屋町,139.689896,35.542462,13142,78100.19,0.01831407893576596,20
14132203000,幸区,遠藤町,139.692383,35.542365,16318,86047.24,0.12003623475935615,12
14132204000,幸区,小向東芝町,139.690258,35.55017,0,0.0,0.24062122961345486,7
14132205001,幸区,小向西町一丁目,139.691403,35.548034,13766,81236.39,0.2389624917999817,8
14132205002,幸区,小向西町二丁目,139.690943,35.546625,6662,38298.39,0.21334249878263792,17
14132205003,幸区,小向西町三丁目,139.687734,35.548039,12881,75305.19,0.08890960990483349,15
14132205004,幸区,小向西町四丁目,139.687619,35.546155,23941,130900.11,0.09434294975073437,21
14132206000,幸区,古市場,139.683953,35.550744,22874,154283.09,0.06350945533027355,11
14132206001,幸区,古市場一丁目,139.687048,35.55467,38000,236854.74,0.09482421596687637,3
14132206002,幸区,古市場二丁目,139.6833,35.556646,41445,259922.7,0.203340065225816,4
14132207000,幸区,東古市場,139.692542,35.553799,27209,169631.92,0.14084193760766311,2
14132209000,幸区,小向仲野町,139.696662,35.550435,27266,162780.04,0.26633707155829317,3
14132210000,幸区,小向町,139.695213,35.547619,22738,153491.55,0.21344896443042466,4
14132211000,幸区,小向,139.700353,35.551055,0,0.0,0.4260052646058203,1
14132212001,幸区,戸手一丁目,139.690886,35.545185,7261,42273.92,0.14003359009313163,16
14132212002,幸区,戸手二丁目,139.692832,35.545331,12148,75706.4,0.1451496616117271,12
14132212003,幸区,戸手三丁目,139.695006,35.54539,12136,64585.1,0.1319555851819248,6
14132212004,幸区,戸手四丁目,139.696395,35.54258,48012,263212.88,0.15455671492017847,7
14132213000,幸区,河原町,139.69413,35.539899,43232,424551.3,0.16340508539036427,11
14132214001,幸区,中幸町一丁目,139.693138,35.537095,16758,100152.04000000001,0.14459799302248155,10
14132214002,幸区,中幸町二丁目,139.69527,35.53717,13025,82978.69,0.16892977399862755,9
14132214003,幸区,中幸町三丁目,139.693718,35.533774,28009,175848.64,0.11467598746161427,16
14132214004,幸区,中幸町四丁目,139.692487,35.533755,20189,114724.88,0.05665509416997264,16
14132215001,幸区,幸町一丁目,139.697903,35.53498,7947,48154.92,0.07403274275161939,10
14132215002,幸区,幸町二丁目,139.698903,35.537101,7304,48490.01,0.22324308025563203,3
14132215003,幸区,幸町三丁目,139.697597,35.537789,14867,89571.85,0.25435327907252325,3
14132215004,幸区,幸町四丁目,139.696121,35.535562,7364,47569.0,0.11616344907500806,10
14132216000,幸区,堀川町,139.698086,35.534119,16500,114226.44,0.1662524960991481,19
14132217000,幸区,柳町,139.68898,35.529211,28236,153894.04,0.2966128656862695,10
14132218000,幸区,大宮町,139.693322,35.530096,37976,245463.27,0.10864439392604851,20
14132219001,幸区,南幸町一丁目,139.689842,35.535561,17740,104043.14,0.08682196521032857,11
14132219002,幸区,南幸町二丁目,139.690544,35.533212,47063,246424.81,0.1880293392305637,15
14132219003,幸区,南幸町三丁目,139.686495,35.533165,37423,220486.12,0.1317770895338439,5
14132220001,幸区,神明町一丁目,139.68873,35.539192,27943,147471.7,0.13069071712347582,11
14132220002,幸区,神明町二丁目,139.687685,35.537431,16715,97251.65,0.14185000640520962,6
14132221000,幸区,都町,139.689467,35.536957,8353,42287.2,0.07139144265653928,8
14132222001,幸区,塚越一丁目,139.678547,35.546968,22538,113161.74,0.07635411526409468,8
14132222002,幸区,塚越二丁目,139.681384,35.54441,34074,188682.81,0.21811342509321613,13
14132222003,幸区,塚越三丁目,139.677735,35.541992,33402,183406.12,0.3780449925511555,2
14132222004,幸区,塚越四丁目,139.681628,35.541662,64470,378393.15,0.09254527821037364,5
14132223000,幸区,古川町,139.682816,35.546107,38692,199588.22,0.062404955204883976,17
14132224000,幸区,下平間,139.680331,35.550624,85608,509023.63,0.06625790153255898,11
14132225001,幸区,鹿島田一丁目,139.67337,35.551359,33485,167044.96,0.08176015510442816,8
14132225002,幸区,鹿島田二丁目,139.671764,35.5545,23526,151838.24,0.15268659293122788,4
14132225003,幸区,鹿島田三丁目,139.669605,35.558501,27798,155213.13,0.3381416325484858,2
14132226001,幸区,小倉,139.673509,35.545849,36951,264483.73,0.06943570529619036,8
14132226101,幸区,小倉一丁目,139.670038,35.545277,24722,127628.27,0.1474224454755221,9
14132226102,幸区,小倉二丁目,139.667056,35.541864,26167,160809.3,0.1526956530970179,8
14132226103,幸区,小倉三丁目,139.670672,35.541275,37179,206936.57,0.08835036789578128,5
14132226104,幸区,小倉四丁目,139.670376,35.537528,38197,242486.18,0.18372123732283974,6
14132226105,幸区,小倉五丁目,139.665465,35.536885,28761,171295.76,0.06345863641187514,7
14132227001,幸区,南加瀬一丁目,139.665987,35.547205,26882,144616.15,0.056943239138589924,13
14132227002,幸区,南加瀬二丁目,139.66182,35.54793,34923,205669.54,0.06856126189492545,11
14132227003,幸区,南加瀬三丁目,139.663839,35.543324,45444,265873.69,0.14007867591887713,10
14132227004,幸区,南加瀬四丁目,139.658117,35.5451,60623,357049.2,0.26636431194190047,7
14132227005,幸区,南加瀬五丁目,139.659025,35.539572,42391,263197.9,0.27804479582651115,5
14132228001,幸区,北加瀬一丁目,139.667282,35.550218,45057,263480.16,0.22781208585668714,9
14132228002,幸区,北加瀬二丁目,139.661958,35.552534,38438,193894.75,0.1327822487007256,7
14132228003,幸区,北加瀬三丁目,139.661493,35.556028,34040,187806.97,0.2469573334508408,4
14132229000,幸区,矢上,139.658797,35.553913,11354,58215.97,0.2443671115074478,4
14132230000,幸区,新塚越,139.676887,35.549466,34590,210991.0,0.07741301081118711,11
14132231000,幸区,東小倉,139.675738,35.544951,28162,157470.84,0.2505555680523261,4
14132232000,幸区,新小倉,139.673883,35.541066,36332,131914.95,0.062304776623435636,2
14132233000,幸区,新川崎,139.670749,35.549474,42500,199895.45,0.2287352738046357,9
14133301001,中原区,小杉町一丁目,139.658604,35.579522,26894,145166.18,0.16710034190434558,22
14133301002,中原区,小杉町二丁目,139.656149,35.579408,62482,291476.86,0.11079325432440783,18
14133301003,中原区,小杉町三丁目,139.657245,35.57524,42636,219859.02,0.12913351822219268,21
14133302001,中原区,新丸子東一丁目,139.663177,35.580187,19686,113762.2,0.03845959101551533,13
14133302002,中原区,新丸子東二丁目,139.662362,35.57788,23018,122983.38,0.06385738539182033,24
14133302003,中原区,新丸子東三丁目,139.6614,35.574728,66963,355805.36,0.0823540657050911,15
14133303001,中原区,小杉御殿町一丁目,139.652594,35.583401,17693,94379.95,0.19150786835645056,13
14133303002,中原区,小杉御殿町二丁目,139.653263,35.580015,43733,234144.97,0.17197421192032988,14
14133304001,中原区,小杉陣屋町一丁目,139.658451,35.584962,32475,176273.01,0.15335564936525736,6
14133304002,中原区,小杉陣屋町二丁目,139.655773,35.585196,18718,113140.06,0.17183732034586321,9
14133305001,中原区,上小田中一丁目,139.631181,35.592883,62368,315589.84,0.17559348238907857,5
14133305002,中原区,上小田中二丁目,139.636366,35.588468,65953,343475.97000000003,0.20893732050218705,9
14133305003,中原区,上小田中三丁目,139.633179,35.586827,69511,334692.75,0.17963049804769768,8
14133305004,中原区,上小田中四丁目,139.640399,35.583628,0,0.0,0.2758644850757345,8
14133305005,中原区,上小田中五丁目,139.636617,35.582862,21358,116552.61,0.2737753823802939,9
14133305006,中原区,上小田中六丁目,139.644044,35.582341,60170,333221.78,0.20691601503833768,7
14133305007,中原区,上小田中七丁目,139.648818,35.581303,25753,128031.33,0.04624812014064738,6
14133307001,中原区,宮内一丁目,139.643326,35.59435,28111,140792.31,0.29384196764593346,7
14133307002,中原区,宮内二丁目,139.638089,35.591001,28568,147616.3,0.1230831771307474,9
14133307003,中原区,宮内三丁目,139.644122,35.590701,46053,235922.78,0.125666644015707,6
14133307004,中原区,宮内四丁目,139.645416,35.58601,39694,210225.08,0.08787289882013821,11
14133308000,中原区,等々力,139.65113,35.588803,3931,23499.87,0.24053160463604925,8
14133310000,中原区,上丸子天神町,139.662899,35.586998,27818,149077.56,0.31661899811359145,1
14133311001,中原区,丸子通一丁目,139.664516,35.582731,41766,223685.19,0.11888235153080104,9
14133311002,中原区,丸子通二丁目,139.661643,35.583318,26275,143969.43,0.15821126982391714,8
14133312000,中原区,新丸子町,139.660899,35.580193,31200,162302.83,0.14514258334485997,20
14133313000,中原区,上丸子八幡町,139.667367,35.582666,22403,136701.78,0.34134570348630805,5
14133314001,中原区,上丸子山王町一丁目,139.668063,35.578615,22263,122294.82,0.2672830261096375,6
14133314002,中原区,上丸子山王町二丁目,139.666854,35.576495,19407,108523.68000000001,0.15312073787434347,8
14133315000,中原区,下沼部,139.668641,35.573143,48877,258909.03,0.11483238674248497,8
14133316000,中原区,中丸子,139.669375,35.568353,169613,863625.98,0.15088995287045662,8
14133317000,中原区,市ノ坪,139.664025,35.56689,119663,629591.91,0.055866806632770924,10
14133318000,中原区,北谷町,139.671803,35.562743,23916,138328.53,0.08286763284022254,5
14133319000,中原区,田尻町,139.672007,35.559833,20290,116949.34,0.0890676912612696,5
14133320001,中原区,上平間,139.676806,35.56214,107950,604630.96,0.2177720013520854,6
14133321000,中原区,大倉町,139.666221,35.556149,0,0.0,0.1911881650121631,2
14133322100,中原区,苅宿,139.663531,35.56204,54447,292110.31,0.04974415455574416,9
14133323100,中原区,西加瀬,139.659944,35.55991,22982,120405.5,0.2011563971763132,8
14133324100,中原区,木月住吉町,139.65861,35.566405,44564,235655.85,0.26087334348562985,8
14133325000,中原区,今井仲町,139.651776,35.574822,43925,211357.85,0.13784352870617034,12
14133326000,中原区,今井南町,139.6549,35.572262,50846,276097.52,0.11721913063797844,10
14133327000,中原区,今井上町,139.650187,35.578409,39870,187044.08,0.16352769333994113,7
14133328000,中原区,今井西町,139.648412,35.575108,48491,233328.26,0.1626199650843062,6
14133329100,中原区,木月大町,139.649914,35.571082,29938,152870.19,0.039751421202410805,9
14133330100,中原区,木月祗園町,139.650824,35.568177,25116,118524.84,0.18940349684001742,10
14133331100,中原区,木月伊勢町,139.654441,35.568991,18904,86700.57,0.11430169007171093,8
14133332101,中原区,木月一丁目,139.65275,35.56586,25705,147035.6,0.15861184676089793,9
14133332102,中原区,木月二丁目,139.655613,35.563502,29030,163008.7,0.07922875062212288,8
14133332103,中原区,木月三丁目,139.650173,35.562799,59054,339032.76,0.2634582703367109,6
14133332104,中原区,木月四丁目,139.654916,35.55888,72488,383205.75,0.15560327384809824,5
14133333001,中原区,井田一丁目,139.64358,35.562617,33557,185840.55,0.2508566686746796,4
14133333002,中原区,井田二丁目,139.642328,35.560423,23190,132985.1,0.173131278358227,2
14133333003,中原区,井田三丁目,139.636919,35.562943,35168,182464.56,0.052053130696107563,11
14133334000,中原区,井田中ノ町,139.644467,35.565312,72651,368686.39,0.19389382157442425,7
14133335000,中原区,井田杉山町,139.642855,35.569439,47651,230417.11000000002,0.11733209275578217,7
14133336000,中原区,井田三舞町,139.646257,35.569269,42073,209165.81,0.11258915744054394,8
14133338001,中原区,下小田中一丁目,139.637971,35.579761,45264,229326.02,0.09658703159217032,11
14133338002,中原区,下小田中二丁目,139.643373,35.577398,56943,286939.89,0.17934845086023432,9
14133338003,中原区,下小田中三丁目,139.643038,35.573337,57971,277032.13,0.293468221614267,6
14133338004,中原区,下小田中四丁目,139.637938,35.576175,46166,226003.01,0.17137635189643138,8
14133338005,中原区,下小田中五丁目,139.633928,35.574796,32382,135288.2,0.16236541836261667,7
14133338006,中原区,下小田中六丁目,139.638045,35.571931,51580,260214.76,0.21191850417014618,4
14133339000,中原区,新城中町,139.633718,35.5827,20395,107346.55,0.1656058463687234,10
14133340001,中原区,下新城一丁目,139.63325,35.579807,18489,92318.56,0.09810334592267138,7
14133340002,中原区,下新城二丁目,139.633194,35.577541,20206,101773.7,0.04963552227010305,8
14133340003,中原区,下新城三丁目,139.630532,35.579812,27677,129597.12,0.2043961328729692,7
14133341001,中原区,上新城一丁目,139.629148,35.59009,15299,79430.46,0.23194809654430332,6
14133341002,中原区,上新城二丁目,139.630419,35.587577,13657,76842.39,0.03527596234649322,8
14133342000,中原区,新城,139.627738,35.587611,1423,9555.25,0.0035423820923122153,5
14133342001,中原区,新城一丁目,139.63153,35.585078,10115,60955.33,0.06501559359637775,7
14133342002,中原区,新城二丁目,139.631646,35.582811,12084,62460.98,0.15414973141960203,7
14133342003,中原区,新城三丁目,139.630169,35.585294,6648,39053.22,0.07047431777693228,7
14133342004,中原区,新城四丁目,139.630129,35.582794,4711,27015.4,0.16424599225431036,6
14133342005,中原区,新城五丁目,139.628958,35.586113,7540,47482.74,0.10687157799236623,6
14133343000,中原区,上丸子,139.664374,35.575166,0,0.0,0.179844443680514,16
14134401101,高津区,溝口一丁目,139.613708,35.599839,14611,95034.42,0.011349935852389042,30
14134401102,高津区,溝口二丁目,139.610269,35.602229,31659,212794.27,0.1397009817338233,26
14134401103,高津区,溝口三丁目,139.612827,35.603529,39202,243538.34,0.007881587266721255,22
14134401104,高津区,溝口四丁目,139.615659,35.604628,17697,111683.01,0.08179282327722902,18
14134401105,高津区,溝口五丁目,139.614705,35.606887,34130,223927.68,0.09682261210436346,10
14134401106,高津区,溝口六丁目,139.613045,35.608835,33347,195559.63,0.15702327457587636,9
14134402101,高津区,久地一丁目,139.60657,35.606915,32044,198442.42,0.15591078542514908,7
14134402102,高津区,久地二丁目,139.61271,35.61232,24977,166666.18,0.18572189930511063,3
14134402103,高津区,久地三丁目,139.604233,35.60995,48185,270943.41,0.043652405701456676,8
14134402104,高津区,久地四丁目,139.595626,35.610172,34565,217195.26,0.23484515947781498,3
14134402200,高津区,久地,139.603626,35.611999,7190,36345.53,0.22625128661615176,9
14134403000,高津区,宇奈根,139.603106,35.614904,17388,100526.52,0.1533809440995589,6
14134404101,高津区,二子一丁目,139.620089,35.609156,50665,301199.71,0.29168137108816244,4
14134404102,高津区,二子二丁目,139.620223,35.605985,25040,154018.51,0.053431588038052674,6
14134404103,高津区,二子三丁目,139.622153,35.602937,31288,188400.91,0.046272749284926154,8
14134404104,高津区,二子四丁目,139.619277,35.603182,18836,119930.6,0.18556271640432803,11
14134404105,高津区,二子五丁目,139.617919,35.601424,16135,112449.84,0.09131024769795378,19
14134404106,高津区,二子六丁目,139.621973,35.599916,15403,100441.17,0.14491558934346496,9
14134405100,高津区,瀬田,139.625319,35.608053,8876,59765.62,0.10064644018022721,3
14134406101,高津区,諏訪一丁目,139.624191,35.605328,19512,122296.61,0.07044343975547271,5
14134406102,高津区,諏訪二丁目,139.62946,35.605066,19024,124999.53,0.2926421989551088,3
14134406103,高津区,諏訪三丁目,139.625501,35.602445,30599,177297.28,0.06345194457514146,7
14134407001,高津区,北見方一丁目,139.62758,35.598407,29103,172050.37,0.32232618217400855,6
14134407002,高津区,北見方二丁目,139.630496,35.600727,61769,373967.64,0.22491331457166833,3
14134407003,高津区,北見方三丁目,139.63496,35.600196,13202,81419.73,0.2479716826481897,3
14134408001,高津区,下野毛一丁目,139.637834,35.599017,11924,90644.0,0.06423083190957495,5
14134408002,高津区,下野毛二丁目,139.635938,35.595606,9696,61562.96,0.21413419293782227,10
14134408003,高津区,下野毛三丁目,139.639933,35.595467,15712,104806.09,0.04718603364069268,9
14134410001,高津区,坂戸一丁目,139.620785,35.597954,27215,165558.74,0.21792744793647484,11
14134410002,高津区,坂戸二丁目,139.626017,35.596166,30958,167326.44,0.04497206192614941,3
14134410003,高津区,坂戸三丁目,139.622963,35.593969,38714,274520.88,0.26200704137218733,7
14134411001,高津区,久本一丁目,139.610993,35.597134,21511,143188.15,0.10334003951612068,22
14134411002,高津区,久本二丁目,139.614557,35.594263,33751,210609.88,0.2077893797291612,9
14134411003,高津区,久本三丁目,139.617059,35.596708,75037,519484.63,0.04029272730790262,20
14134412101,高津区,下作延一丁目,139.607565,35.601903,10618,70373.81,0.1821689799716513,14
14134412102,高津区,下作延二丁目,139.606292,35.597741,57347,371021.33,0.0871618304401462,10
14134412103,高津区,下作延三丁目,139.59934,35.593306,43583,270801.53,0.32336561305344436,3
14134412104,高津区,下作延四丁目,139.602703,35.599041,36641,216636.92,0.21726006226992686,11
14134412105,高津区,下作延五丁目,139.598119,35.603766,28434,179910.62,0.1767732052534667,7
14134412106,高津区,下作延六丁目,139.59913,35.606948,28446,199807.65,0.09868525149576464,4
14134412107,高津区,下作延七丁目,139.604213,35.604056,22379,139077.64,0.2006277845602433,7
14134412203,高津区,下作延,139.594165,35.604676,0,0.0,0.2844681959792101,1
14134413000,高津区,上作延,139.593209,35.599377,111606,752813.78,0.14711602168994464,5
14134414000,高津区,向ケ丘,139.593927,35.593894,25407,158784.22,0.2002804006959448,6
14134415001,高津区,梶ケ谷一丁目,139.599548,35.590102,7099,38787.5,0.1893903879557944,9
14134415002,高津区,梶ケ谷二丁目,139.602134,35.58944,33350,198565.82,0.16204558882597261,8
14134415003,高津区,梶ケ谷三丁目,139.606091,35.587879,25578,160705.65,0.2190121011043395,8
14134415004,高津区,梶ケ谷四丁目,139.603018,35.586586,14207,97256.47,0.1122922089293036,7
14134415005,高津区,梶ケ谷五丁目,139.605835,35.583724,15772,96778.56,0.06912066792527233,6
14134415006,高津区,梶ケ谷六丁目,139.609845,35.583025,15200,103415.79000000001,0.20657193054098646,5
14134416001,高津区,末長一丁目,139.606727,35.592846,85577,541186.6,0.06967710768095067,7
14134416002,高津区,末長二丁目,139.612855,35.590184,40788,260387.35,0.1907221482883144,3
14134416003,高津区,末長三丁目,139.619692,35.590395,53031,324065.4,0.035391704838981915,8
14134416004,高津区,末長四丁目,139.625161,35.590926,53977,318102.37,0.2729070989584358,6
14134417001,高津区,新作一丁目,139.610572,35.586141,11848,73399.74,0.14710227691961145,5
14134417002,高津区,新作二丁目,139.614479,35.583226,18170,118968.13,0.4084038594740548,1
14134417003,高津区,新作三丁目,139.616536,35.5862,24255,175089.6,0.26441822460369113,5
14134417004,高津区,新作四丁目,139.620303,35.586867,26985,178415.45,0.09129410537174895,5
14134417005,高津区,新作五丁目,139.62476,35.587593,41158,257789.35,0.2527616489945392,6
14134417006,高津区,新作六丁目,139.625097,35.585655,44995,280020.08,0.32541031157377504,6
14134418000,高津区,千年新町,139.628321,35.582103,27529,200546.41,0.040938191948104025,5
14134419100,高津区,北野川,139.620285,35.57883,3871,25627.99,0.28733078895400394,3
14134419201,高津区,東野川一丁目,139.618304,35.571906,20376,151044.45,0.11261342978689765,4
14134419202,高津区,東野川二丁目,139.613718,35.567949,19249,132014.2,0.395400761879964,4
14134420001,高津区,千年,139.62163,35.584312,138335,882435.05,0.1492935108009304,5
14134421001,高津区,子母口,139.629863,35.57202,99527,654030.8,0.18980872885655875,11
14134422000,高津区,明津,139.637189,35.567946,34148,218699.92,0.18634331604032328,11
14134423000,高津区,蟹ケ谷,139.631649,35.565063,84399,584478.6,0.3231941742963561,8
14134424001,高津区,久末,139.624873,35.56945,140964,1042826.5700000001,0.11293744064009745,6
14135601000,多摩区,登戸,139.567729,35.625174,252444,1465533.54,0.2979395061857747,5
14135602001,多摩区,生田一丁目,139.543048,35.625111,28127,164241.95,0.14072666953848736,5
14135602002,多摩区,生田二丁目,139.549075,35.623253,16489,103077.8,0.026267586045429753,3
14135602003,多摩区,生田三丁目,139.547256,35.621968,25775,161381.74,0.20013794307435717,5
14135602004,多摩区,生田四丁目,139.544521,35.619898,8384,57726.93,0.17205410070032537,6
14135602005,多摩区,生田五丁目,139.540274,35.620707,11806,79918.72,0.24290580999737466,6
14135602006,多摩区,生田六丁目,139.537431,35.61711,25049,166741.27,0.2095716480460962,7
14135602007,多摩区,生田七丁目,139.542216,35.61615,12074,68969.68000000001,0.02961951029260674,7
14135602008,多摩区,生田八丁目,139.547376,35.616945,22774,143557.57,0.2046683300161799,6
14135603001,多摩区,菅馬場一丁目,139.542614,35.629814,34385,204389.15,0.3540308785813207,2
14135603002,多摩区,菅馬場二丁目,139.538041,35.626169,25889,155898.69,0.15550764437246892,4
14135603003,多摩区,菅馬場三丁目,139.533572,35.62319,16255,105688.67,0.04306291679257551,8
14135603004,多摩区,菅馬場四丁目,139.529052,35.620245,955,3964.79,0.2847345702325674,5
14135604001,多摩区,菅仙谷一丁目,139.52361,35.629874,11040,72294.92,0.5488631048518915,0
14135604002,多摩区,菅仙谷二丁目,139.5268,35.628868,18170,123498.01,0.3671058863378057,3
14135604003,多摩区,菅仙谷三丁目,139.525238,35.62423,21979,166859.44,0.21280175142887517,3
14135604004,多摩区,菅仙谷四丁目,139.519624,35.625546,28,942.2900000000001,0.3174254020197615,1
14135605001,多摩区,菅北浦一丁目,139.538114,35.630687,12795,79866.96,0.2310702058321482,4
14135605002,多摩区,菅北浦二丁目,139.535432,35.629443,27263,171126.37,0.3046589612964133,8
14135605003,多摩区,菅北浦三丁目,139.53163,35.630814,16579,108313.32,0.037356853547614,8
14135605004,多摩区,菅北浦四丁目,139.529688,35.626371,17447,143450.18,0.16526105735455063,5
14135605005,多摩区,菅北浦五丁目,139.533336,35.62708,8540,55504.57,0.2571998498985028,10
14135606001,多摩区,菅一丁目,139.537836,35.632196,17561,107657.86,0.0615488894158858,7
14135606002,多摩区,菅二丁目,139.531116,35.632846,23979,143214.79,0.044909463671035404,7
14135606003,多摩区,菅三丁目,139.526429,35.635446,21511,135635.47,0.36329950124209015,3
14135606004,多摩区,菅四丁目,139.529022,35.635726,22746,134673.92,0.3260894071604816,3
14135606005,多摩区,菅五丁目,139.530732,35.637075,29547,177740.48,0.37549478827437843,4
14135606006,多摩区,菅六丁目,139.525501,35.639184,23289,165013.54,0.15183043098032767,2
14135607000,多摩区,菅城下,139.524457,35.634442,27774,179408.38,0.29774422994535044,2
14135608000,多摩区,菅野戸呂,139.53051,35.640025,19037,116270.53,0.6106286335794668,0
14135609001,多摩区,菅稲田堤一丁目,139.535746,35.635033,24618,142784.1,0.08298176104425677,9
14135609002,多摩区,菅稲田堤二丁目,139.539584,35.636958,16806,99981.38,0.24503935245527028,4
14135609003,多摩区,菅稲田堤三丁目,139.541704,35.633866,18557,122614.59,0.3184805109476386,3
14135610000,多摩区,布田,139.546893,35.633846,27698,179485.94,0.11783125230576644,3
14135612000,多摩区,中野島,139.560104,35.626533,1033,5290.49,0.18440801816790536,8
14135612001,多摩区,中野島一丁目,139.546997,35.628708,21131,137193.9,0.09878090876113539,6
14135612002,多摩区,中野島二丁目,139.54948,35.625881,18555,109545.96,0.22412318504407291,4
14135612003,多摩区,中野島三丁目,139.55287,35.627986,42048,248255.71,0.16827575826757352,7
14135612004,多摩区,中野島四丁目,139.558384,35.62909,37415,236226.5,0.1209611088009437,5
14135612005,多摩区,中野島五丁目,139.558942,35.631782,41773,317049.81,0.1967273345350316,6
14135612006,多摩区,中野島六丁目,139.552151,35.631906,44648,331491.26,0.047440396013567004,6
14135613000,多摩区,和泉,139.564336,35.629213,0,0.0,0.30172898971278256,4
14135614000,多摩区,登戸新町,139.565517,35.623895,52282,297505.8,0.1847579717718955,8
14135615001,多摩区,宿河原一丁目,139.575478,35.619985,39505,251411.73,0.06884223305834533,4
14135615002,多摩区,宿河原二丁目,139.572632,35.614225,70153,405579.84,0.22053496953269217,7
14135615003,多摩区,宿河原三丁目,139.579255,35.613719,30029,178800.54,0.07585002851384884,9
14135615004,多摩区,宿河原四丁目,139.580667,35.617963,32044,218140.75,0.1556788193390165,3
14135615005,多摩区,宿河原五丁目,139.584553,35.617458,23191,151385.23,0.3442434065853869,3
14135615006,多摩区,宿河原六丁目,139.587516,35.611377,54171,342317.34,0.15401777207763193,4
14135615007,多摩区,宿河原七丁目,139.588444,35.616661,22452,144212.08,0.551989448439219,0
14135616001,多摩区,堰一丁目,139.594548,35.615821,36186,233027.13,0.5179736715240396,0
14135616002,多摩区,堰二丁目,139.595131,35.613147,23966,144592.71,0.26209186635732723,3
14135616003,多摩区,堰三丁目,139.594904,35.611922,20694,121687.52,0.15492535465991403,3
14135617001,多摩区,長尾一丁目,139.573771,35.611424,16228,90925.85,0.08918350321687965,7
14135617002,多摩区,長尾二丁目,139.571465,35.60855,10450,62242.78,0.23443567708470683,5
14135617003,多摩区,長尾三丁目,139.577792,35.608751,3838,27283.08,0.12586097109087202,5
14135617004,多摩区,長尾四丁目,139.578669,35.610854,16363,89537.66,0.1425085076359026,7
14135617005,多摩区,長尾五丁目,139.583159,35.610768,19134,116813.63,0.17512389111230497,4
14135617006,多摩区,長尾六丁目,139.58,35.607472,9496,69213.03,0.2684777405396797,3
14135617007,多摩区,長尾七丁目,139.584193,35.607186,20542,137796.61000000002,0.3049198684367109,1
14135618001,多摩区,東生田一丁目,139.565509,35.613721,27240,160633.19,0.36331175007340083,5
14135618002,多摩区,東生田二丁目,139.565362,35.610071,9473,67909.01,0.25932911752426824,4
14135618003,多摩区,東生田三丁目,139.566352,35.606489,6722,41667.54,0.2981622403730619,4
14135618004,多摩区,東生田四丁目,139.564786,35.604851,11555,74735.32,0.34351271573986947,3
14135619001,多摩区,枡形一丁目,139.550918,35.619995,15703,101393.34,0.1693240864687757,5
14135619002,多摩区,枡形二丁目,139.555466,35.618847,21087,123777.89,0.08590069223117631,5
14135619003,多摩区,枡形三丁目,139.558939,35.616424,14715,96954.87,0.11808132347365995,13
14135619004,多摩区,枡形四丁目,139.553073,35.616957,7072,40611.99,0.2301434031054985,6
14135619005,多摩区,枡形五丁目,139.553084,35.613772,20015,112873.7,0.23504207577843772,2
14135619006,多摩区,枡形六丁目,139.559463,35.612597,38435,202359.02,0.2085166462791769,6
14135619007,多摩区,枡形七丁目,139.557735,35.606817,0,0.0,0.1415383101520577,4
14135620001,多摩区,三田一丁目,139.542591,35.612976,30089,190777.33,0.2353320725083598,10
14135620002,多摩区,三田二丁目,139.546338,35.613349,13386,74611.52,0.011604552243394585,7
14135620003,多摩区,三田三丁目,139.545863,35.609762,10150,74049.7,0.04665023496491984,5
14135620004,多摩区,三田四丁目,139.542326,35.608523,23337,162313.95,0.3586894459757797,4
14135620005,多摩区,三田五丁目,139.54665,35.606361,2552,16281.050000000001,0.19944208129728108,4
14135621001,多摩区,東三田一丁目,139.549218,35.61243,3651,29524.32,0.19541946688538187,7
14135621002,多摩区,東三田二丁目,139.55372,35.60995,5894,46006.39,0.3120447550265555,3
14135621003,多摩区,東三田三丁目,139.55024,35.608237,32545,191308.52,0.33390625064228496,3
14135622001,多摩区,寺尾台一丁目,139.534154,35.618862,16534,114523.92,0.4532152945147504,3
14135622002,多摩区,寺尾台二丁目,139.53721,35.621303,10518,82200.32,0.39508821963119584,4
14135623001,多摩区,西生田一丁目,139.527264,35.616011,10834,65000.58,0.31511582815413314,3
14135623002,多摩区,西生田二丁目,139.53427,35.615347,13503,80687.36,0.28168316790607745,4
14135623003,多摩区,西生田三丁目,139.529091,35.612239,28697,169399.9,0.04272425998802949,3
14135623004,多摩区,西生田四丁目,139.525213,35.612255,24605,165543.87,0.20334506314687223,3
14135623005,多摩区,西生田五丁目,139.525651,35.607233,18297,121486.44,0.5972207947497291,0
14135624001,多摩区,栗谷一丁目,139.533363,35.612576,11229,65781.99,0.19583447530250941,3
14135624002,多摩区,栗谷二丁目,139.534344,35.609032,12150,79749.23,0.2847996157584279,4
14135624003,多摩区,栗谷三丁目,139.536588,35.612889,16837,111306.55,0.09836519206472492,5
14135624004,多摩区,栗谷四丁目,139.538684,35.611369,8602,51933.98,0.18435178073585592,4
14135625001,多摩区,南生田一丁目,139.530034,35.608656,19964,133138.97,0.3875807787242698,3
14135625002,多摩区,南生田二丁目,139.529904,35.604327,29902,184304.65,0.34492685378673543,2
14135625003,多摩区,南生田三丁目,139.533988,35.604884,5304,33125.12,0.08612918301107318,3
14135625004,多摩区,南生田四丁目,139.533988,35.600781,17374,127651.29000000001,0.1760046414834317,3
14135625005,多摩区,南生田五丁目,139.53886,35.602557,10301,71456.76,0.2459449359580142,3
14135625006,多摩区,南生田六丁目,139.538647,35.60445,14715,107326.2,0.3534305795166061,4
14135625007,多摩区,南生田七丁目,139.540059,35.607911,13607,92834.25,0.40432338306146925,2
14135625008,多摩区,南生田八丁目,139.537353,35.607424,0,0.0,0.3244449238380046,2
14135626001,多摩区,長沢一丁目,139.544302,35.603545,15848,109404.88,0.234911993825863,3
14135626002,多摩区,長沢二丁目,139.546161,35.601135,11239,69780.67,0.19341923436394273,3
14135626003,多摩区,長沢三丁目,139.541842,35.599916,10495,65542.68000000001,0.23963691064205878,4
14135626004,多摩区,長沢四丁目,139.535839,35.598428,20126,140321.51,0.13570628554149766,5
14136501001,宮前区,宮前平一丁目,139.58703,35.584647,33382,248761.27000000002,0.3901685432023205,7
14136501002,宮前区,宮前平二丁目,139.581817,35.587983,49622,350107.7,0.2133844419549267,10
14136501003,宮前区,宮前平三丁目,139.586337,35.587545,58477,396478.42,0.16568746805285672,7
14136502001,宮前区,小台一丁目,139.577241,35.581437,34019,240505.29,0.21530151617307794,5
14136502002,宮前区,小台二丁目,139.581863,35.582194,49107,341935.52,0.16998297527236308,6
14136503001,宮前区,土橋一丁目,139.577417,35.586959,30763,241529.95,0.2223298584827596,8
14136503002,宮前区,土橋二丁目,139.575294,35.584936,36784,258183.65,0.19390545266563924,5
14136503003,宮前区,土橋三丁目,139.572535,35.582687,18704,157571.14,0.1345233918317061,5
14136503004,宮前区,土橋四丁目,139.57005,35.586329,39695,302294.37,0.24085679644526134,3
14136503005,宮前区,土橋五丁目,139.568038,35.590274,11222,83260.61,0.1409493410093887,4
14136503006,宮前区,土橋六丁目,139.571174,35.589123,18786,140350.52,0.29085206788815177,3
14136503007,宮前区,土橋七丁目,139.575499,35.590388,17401,136770.98,0.31930027686149764,4
14136504000,宮前区,けやき平,139.575394,35.593207,24133,259095.82,0.38951942143526275,2
14136505001,宮前区,神木一丁目,139.579718,35.593045,4798,50616.6,0.2489595259953158,6
14136505002,宮前区,神木二丁目,139.583791,35.594983,15516,123180.33,0.34728701460733075,3
14136506000,宮前区,宮崎,139.597276,35.588042,54231,403193.1,0.11919647789375559,8
14136506001,宮前区,宮崎一丁目,139.593301,35.58479,36138,292381.66000000003,0.06862160233998489,8
14136506002,宮前区,宮崎二丁目,139.592051,35.587766,47265,356352.38,0.041883605619091185,10
14136506003,宮前区,宮崎三丁目,139.591096,35.591346,41943,311914.47000000003,0.18008394113306053,10
14136506004,宮前区,宮崎四丁目,139.586878,35.593896,12332,91594.6,0.27448458617293703,5
14136506005,宮前区,宮崎五丁目,139.586701,35.59129,20156,153312.2,0.22222787153652915,7
14136506006,宮前区,宮崎六丁目,139.581316,35.591325,24456,184485.46,0.08270481983579026,9
14136508001,宮前区,馬絹一丁目,139.587093,35.581474,43320,300492.14,0.20779839053139698,9
14136508002,宮前区,馬絹二丁目,139.592012,35.580984,14714,108778.49,0.2026362274111816,4
14136508003,宮前区,馬絹三丁目,139.593697,35.579359,19386,147904.77,0.2778649644317636,3
14136508004,宮前区,馬絹四丁目,139.598887,35.579939,45203,358557.97000000003,0.2123920446780674,3
14136508005,宮前区,馬絹五丁目,139.599879,35.583024,20514,139251.89,0.1852950275909476,1
14136508006,宮前区,馬絹六丁目,139.597362,35.584238,26002,162619.23,0.28698377206559167,4
14136509000,宮前区,梶ケ谷,139.605491,35.58076,25863,205727.0,0.24782752034861705,3
14136510003,宮前区,野川,139.603988,35.575305,114054,1004796.26,0.13296920377983895,6
14136510101,宮前区,野川本町一丁目,139.613496,35.57938,25123,213704.08000000002,0.2671892267144821,1
14136510102,宮前区,野川本町二丁目,139.614007,35.575419,22677,188360.03,0.375357094857256,3
14136510103,宮前区,野川本町三丁目,139.617989,35.576091,11482,100104.43000000001,0.35392284513990135,1
14136510201,宮前区,西野川一丁目,139.602757,35.577339,33242,307317.86,0.3472691718762188,7
14136510202,宮前区,西野川二丁目,139.608181,35.574318,25795,194731.33000000002,0.1313232022334061,7
14136510203,宮前区,西野川三丁目,139.606646,35.571265,31733,240432.84,0.28659300040475794,8
14136511001,宮前区,東有馬一丁目,139.589287,35.576097,21489,165908.63,0.39927664447333727,3
14136511002,宮前区,東有馬二丁目,139.593627,35.575379,34645,253429.26,0.20946998377766976,3
14136511003,宮前区,東有馬三丁目,139.590844,35.572314,18277,163521.13,0.25145027640656226,3
14136511004,宮前区,東有馬四丁目,139.588495,35.569653,19107,186557.19,0.17520541559443764,2
14136511005,宮前区,東有馬五丁目,139.595087,35.569117,24415,246324.45,0.2532246929202092,2
14136512001,宮前区,有馬一丁目,139.578748,35.578211,41341,312600.76,0.3863088792523005,5
14136512002,宮前区,有馬二丁目,139.584392,35.578726,18223,145531.82,0.12545746231372293,8
14136512003,宮前区,有馬三丁目,139.585647,35.575377,18634,143873.13,0.2562318551517561,4
14136512004,宮前区,有馬四丁目,139.580273,35.575635,25653,206967.12,0.27492031313525805,3
14136512005,宮前区,有馬五丁目,139.581169,35.573196,18598,135951.49,0.20028282304476772,5
14136512006,宮前区,有馬六丁目,139.58299,35.57036,26677,217973.78,0.22443755918767275,2
14136512007,宮前区,有馬七丁目,139.577467,35.570669,26053,188269.42,0.031148675110919326,4
14136512008,宮前区,有馬八丁目,139.574514,35.573518,29447,224055.73,0.30637248132506567,3
14136512009,宮前区,有馬九丁目,139.570688,35.572502,19374,142865.45,0.5138349928521574,0
14136513001,宮前区,鷺沼一丁目,139.572969,35.576853,42147,334451.96,0.19590501286084402,3
14136513002,宮前区,鷺沼二丁目,139.56841,35.57541,19520,154443.31,0.1582251115084114,1
14136513003,宮前区,鷺沼三丁目,139.568966,35.579067,25895,205213.78,0.25156350328912996,3
14136513004,宮前区,鷺沼四丁目,139.568216,35.582204,34428,258665.19,0.452464271322466,2
14136514001,宮前区,犬蔵一丁目,139.562101,35.589936,30023,251128.4,0.029095464097922897,5
14136514002,宮前区,犬蔵二丁目,139.562968,35.584578,91851,705186.26,0.36457382086719403,2
14136514003,宮前区,犬蔵三丁目,139.556744,35.588421,40287,326826.57,0.24127775813712407,2
14136515001,宮前区,水沢一丁目,139.549365,35.590536,384,2668.03,0.08422880230192588,3
14136515002,宮前区,水沢二丁目,139.541734,35.592044,10427,68274.04000000001,0.3847387236122828,1
14136515003,宮前区,水沢三丁目,139.543238,35.594178,12333,96158.2,0.14855739457814635,3
14136516000,宮前区,潮見台,139.532684,35.594279,16498,137081.44,0.2614026708900766,2
14136517000,宮前区,菅生ケ丘,139.542799,35.597221,25071,223172.79,0.18395506130778458,5
14136518001,宮前区,菅生一丁目,139.555314,35.599878,19525,143453.72,0.10816301648985993,3
14136518002,宮前区,菅生二丁目,139.551137,35.599965,27061,195963.31,0.21215968018317471,3
14136518003,宮前区,菅生三丁目,139.548392,35.595544,24131,232030.2,0.21011044795304984,5
14136518004,宮前区,菅生四丁目,139.552155,35.593324,12423,109478.73,0.27679456954022275,7
14136518005,宮前区,菅生五丁目,139.557065,35.593958,16442,146117.96,0.1444783193692326,7
14136518006,宮前区,菅生六丁目,139.561237,35.592673,16504,156056.01,0.34066107132707524,5
14136519001,宮前区,初山一丁目,139.560474,35.601239,19982,169402.44,0.4858090930882557,2
14136519002,宮前区,初山二丁目,139.564204,35.596175,25532,218999.48,0.2818795235572726,4
14136520001,宮前区,白幡台一丁目,139.568833,35.597266,8518,86530.02,0.09757204460078944,4
14136520002,宮前区,白幡台二丁目,139.566531,35.595915,6285,63547.49,0.11140278222491654,5
14136521000,宮前区,南平台,139.569969,35.593894,35678,353140.52,0.1600211341476511,5
14136522001,宮前区,平一丁目,139.577368,35.600926,28393,238734.31,0.12010209901478137,6
14136522002,宮前区,平二丁目,139.572398,35.601486,25440,279149.49,0.2281678224117131,6
14136522003,宮前区,平三丁目,139.56882,35.603034,14071,120233.27,0.055999421890907966,2
14136522004,宮前区,平四丁目,139.570682,35.598307,13666,106861.89,0.251851313551463,4
14136522005,宮前区,平五丁目,139.576123,35.597624,13931,110898.92,0.22466624927341633,7
14136522006,宮前区,平六丁目,139.578294,35.59608,12804,110255.81,0.17577318263392028,5
14136523001,宮前区,五所塚一丁目,139.575269,35.60594,4610,48511.020000000004,0.45273360612512775,4
14136523002,宮前区,五所塚二丁目,139.574012,35.604376,7415,66645.6,0.28847257480161165,3
14136524001,宮前区,神木本町一丁目,139.579538,35.603974,15111,134268.36000000002,0.24709477648341413,3
14136524002,宮前区,神木本町二丁目,139.58553,35.603158,18242,163838.59,0.19123071523827712,3
14136524003,宮前区,神木本町三丁目,139.58556,35.59979,11052,84824.4,0.1940679256602688,5
14136524004,宮前区,神木本町四丁目,139.583771,35.597605,20327,165429.75,0.2456452518358952,4
14136524005,宮前区,神木本町五丁目,139.581104,35.598831,16530,143599.75,0.04638693880215341,5
14137702001,麻生区,万福寺一丁目,139.506027,35.604217,10651,77944.59,0.0425294291952793,18
14137702002,麻生区,万福寺二丁目,139.511326,35.60551,9873,70151.11,0.27997607901551785,8
14137702003,麻生区,万福寺三丁目,139.508703,35.606702,24315,180655.99,0.12241749120097216,12
14137702004,麻生区,万福寺四丁目,139.508421,35.608484,26140,194017.15,0.15197165160236553,5
14137702005,麻生区,万福寺五丁目,139.503195,35.607549,9812,69879.04000000001,0.2403786469987605,9
14137702006,麻生区,万福寺六丁目,139.504318,35.605965,13511,99279.44,0.12985655978532654,13
14137703001,麻生区,金程一丁目,139.501405,35.608608,14523,126455.75,0.33189088625892293,7
14137703002,麻生区,金程二丁目,139.499736,35.61052,7242,58816.99,0.07649306064099422,3
14137703003,麻生区,金程三丁目,139.497963,35.613155,6267,55023.55,0.135630084841015,3
14137703004,麻生区,金程四丁目,139.50186,35.613747,8473,74377.93000000001,0.23274313034315292,5
14137704001,麻生区,向原一丁目,139.500074,35.616126,6978,58138.65,0.275664080789213,3
14137704002,麻生区,向原二丁目,139.496816,35.616133,14868,121383.7,0.3480701139991785,1
14137704003,麻生区,向原三丁目,139.50087,35.619407,9754,80335.32,0.346275115596047,1
14137706000,麻生区,細山,139.505717,35.621625,544,6528.16,0.5408704496050769,0
14137706001,麻生区,細山一丁目,139.519614,35.618764,6511,58446.72,0.2048190609093478,2
14137706002,麻生区,細山二丁目,139.517174,35.616286,7945,59310.21,0.19531032708026028,2
14137706003,麻生区,細山三丁目,139.513418,35.616666,7863,68558.09,0.29956095568098634,1
14137706004,麻生区,細山四丁目,139.513522,35.619998,14304,106028.34,0.5781911696070309,0
14137706005,麻生区,細山五丁目,139.51671,35.619081,14868,114053.27,0.3304075230961641,2
14137706006,麻生区,細山六丁目,139.517817,35.621776,5481,39043.88,0.5525444468128575,0
14137706007,麻生区,細山七丁目,139.513776,35.623324,7598,61087.68,0.858649335446568,0
14137706008,麻生区,細山八丁目,139.510258,35.621007,9790,76280.71,0.6209480951354706,0
14137707001,麻生区,千代ケ丘一丁目,139.508559,35.610226,9719,77627.17,0.20648540273541358,4
14137707002,麻生区,千代ケ丘二丁目,139.511728,35.613539,9957,70848.23,0.23833975976760274,3
14137707003,麻生区,千代ケ丘三丁目,139.508172,35.612674,9863,81035.95,0.18789293324632791,3
14137707004,麻生区,千代ケ丘四丁目,139.50507,35.61173,13556,111649.77,0.27801170179141654,4
14137707005,麻生区,千代ケ丘五丁目,139.506971,35.614516,7612,57245.44,0.0657521958993908,3
14137707006,麻生区,千代ケ丘六丁目,139.510258,35.61616,8112,70985.83,0.08402276177639402,2
14137707007,麻生区,千代ケ丘七丁目,139.50553,35.616295,11561,98371.84,0.20770784589563385,3
14137707008,麻生区,千代ケ丘八丁目,139.505278,35.618559,9456,76588.36,0.22907882915885902,1
14137707009,麻生区,千代ケ丘九丁目,139.508867,35.619177,6045,52410.18,0.4417846564721287,1
14137708001,麻生区,多摩美一丁目,139.523513,35.617909,13253,110987.62,0.399790359687273,2
14137708002,麻生区,多摩美二丁目,139.521752,35.620138,8216,77125.55,0.4208010204939724,1
14137709001,麻生区,高石一丁目,139.514983,35.610319,23611,176998.68,0.06960424647382545,4
14137709002,麻生区,高石二丁目,139.514684,35.613189,24061,198235.7,0.3332737772591165,2
14137709003,麻生区,高石三丁目,139.52022,35.613814,32182,249951.87,0.24255166508632856,3
14137709004,麻生区,高石四丁目,139.52174,35.609865,35447,310242.93,0.25082709853592805,1
14137709005,麻生区,高石五丁目,139.521927,35.605239,16465,146480.98,0.4328785046914526,1
14137709006,麻生区,高石六丁目,139.522668,35.602201,17212,136914.93,0.44812380961957615,2
14137710001,麻生区,百合丘一丁目,139.517427,35.607261,31838,247767.03,0.1341731168974273,5
14137710002,麻生区,百合丘二丁目,139.514499,35.604705,27459,213459.32,0.17858239549246221,8
14137710003,麻生区,百合丘三丁目,139.51886,35.60217,31077,241063.08000000002,0.28941812794863914,4
14137711001,麻生区,東百合丘一丁目,139.527697,35.601587,23172,194337.65,0.4478244191486007,1
14137711002,麻生区,東百合丘二丁目,139.52728,35.598566,13843,126278.08,0.13270519928005278,3
14137711003,麻生区,東百合丘三丁目,139.52659,35.595334,13631,131163.86000000002,0.26457502223439416,7
14137711004,麻生区,東百合丘四丁目,139.522598,35.597857,18706,162798.24,0.1437313215554473,4
14137712101,麻生区,王禅寺西一丁目,139.514397,35.599475,21140,165548.09,0.12343096637060207,4
14137712102,麻生区,王禅寺西二丁目,139.518028,35.598541,8875,86548.19,0.20818129586116654,2
14137712103,麻生区,王禅寺西三丁目,139.515053,35.595654,16781,151248.57,0.46991291421147535,1
14137712104,麻生区,王禅寺西四丁目,139.511614,35.594099,6680,49534.11,0.41969262461206125,4
14137712105,麻生区,王禅寺西五丁目,139.507486,35.592554,10152,80460.65,0.26399983106998487,6
14137712106,麻生区,王禅寺西六丁目,139.504363,35.590934,11786,102418.5,0.20285136688537986,3
14137712107,麻生区,王禅寺西七丁目,139.505091,35.586889,14860,126099.67,0.3916591188113096,3
14137712108,麻生区,王禅寺西八丁目,139.503587,35.584427,10484,91704.51000000001,0.39775777412991226,3
14137712201,麻生区,王禅寺東一丁目,139.520939,35.593979,9363,89034.69,0.1925751673133936,5
14137712202,麻生区,王禅寺東二丁目,139.51802,35.591536,17529,167047.93,0.338351164939914,1
14137712203,麻生区,王禅寺東三丁目,139.517766,35.586978,20005,194527.14,0.2700511277906107,4
14137712204,麻生区,王禅寺東四丁目,139.512171,35.587183,9252,93035.93000000001,0.14891102013307023,7
14137712205,麻生区,王禅寺東五丁目,139.51348,35.582129,20550,190724.71,0.09955751565763085,4
14137712206,麻生区,王禅寺東六丁目,139.511811,35.578215,12045,96250.03,0.14368236925499198,3
14137712302,麻生区,王禅寺,139.522489,35.584089,8008,60608.48,0.26983077607347045,2
14137713001,麻生区,白山一丁目,139.513288,35.590061,5694,72772.34,0.11992986456308834,6
14137713002,麻生区,白山二丁目,139.512203,35.591966,3768,40885.22,0.2511523861861872,4
14137713003,麻生区,白山三丁目,139.509104,35.59357,2268,24667.63,0.3456724464032642,4
14137713004,麻生区,白山四丁目,139.510101,35.590357,11750,142909.80000000002,0.021911552329090284,5
14137713005,麻生区,白山五丁目,139.507815,35.588339,12912,164759.63,0.25183700341619697,5
14137714001,麻生区,虹ケ丘一丁目,139.521016,35.580664,7714,80540.4,0.0927623500626193,2
14137714002,麻生区,虹ケ丘二丁目,139.524556,35.580299,15803,197364.07,0.3556620162220271,2
14137714003,麻生区,虹ケ丘三丁目,139.523548,35.577225,6562,84929.55,0.2988725349581158,2
14137715000,麻生区,早野,139.517216,35.573461,5516,51550.71,0.20896552407105412,1
14137716001,麻生区,下麻生一丁目,139.505216,35.581201,16015,165250.14,0.3253643968788788,2
14137716002,麻生区,下麻生二丁目,139.509158,35.580833,17054,154041.08000000002,0.23560460095557492,4
14137716003,麻生区,下麻生三丁目,139.507984,35.575575,14469,140725.16,0.45946317598490966,1
14137718101,麻生区,上麻生一丁目,139.508525,35.601934,6791,44818.91,0.07607809934567866,17
14137718102,麻生区,上麻生二丁目,139.510838,35.599889,17727,170043.06,0.20219807893993647,7
14137718103,麻生区,上麻生三丁目,139.503765,35.600127,37034,300566.43,0.12196602639917113,14
14137718104,麻生区,上麻生四丁目,139.504443,35.595704,34241,269305.57,0.08360324093910901,5
14137718105,麻生区,上麻生五丁目,139.500277,35.590535,42367,306999.94,0.20642088545082204,4
14137718106,麻生区,上麻生六丁目,139.496523,35.585955,23375,175894.12,0.19551665059199344,7
14137718107,麻生区,上麻生七丁目,139.501592,35.581032,26012,219483.7,0.022703084246091614,2
14137718200,麻生区,上麻生,139.505953,35.578275,1000,9310.8,0.4341357612877937,2
14137719000,麻生区,古沢,139.497314,35.603638,3925,33313.74,0.37415535057257476,2
14137721001,麻生区,五力田一丁目,139.495165,35.598084,6610,62085.73,0.22787584337409317,7
14137721002,麻生区,五力田二丁目,139.491345,35.599859,11369,100068.17,0.19627384778171778,8
14137721003,麻生区,五力田三丁目,139.495648,35.600555,10284,71897.41,0.353609330944797,7
14137721100,麻生区,五力田,139.491533,35.602906,1474,9506.66,0.32322637701668805,1
14137722000,麻生区,片平,139.482645,35.597772,4731,45751.1,0.35620862868426895,2
14137722001,麻生区,片平一丁目,139.498429,35.597651,17150,133479.30000000002,0.2862370312712428,1
14137722002,麻生区,片平二丁目,139.495891,35.593618,18730,147396.88,0.31430419742926813,2
14137722003,麻生区,片平三丁目,139.492713,35.590541,16239,127427.79000000001,0.21998569790960776,1
14137722004,麻生区,片平四丁目,139.48937,35.592608,27209,198734.36000000002,0.5543931701592641,0
14137722005,麻生区,片平五丁目,139.491002,35.597319,18855,147321.75,0.07539588102369511,8
14137722006,麻生区,片平六丁目,139.489216,35.596181,6883,44742.82,0.2798783492629619,8
14137722007,麻生区,片平七丁目,139.485785,35.598735,6249,38877.16,0.059507120726828615,3
14137722008,麻生区,片平八丁目,139.482433,35.601557,3382,20574.4,0.33117580057961754,2
14137724000,麻生区,栗木,139.475973,35.60173,1477,13503.92,0.6567670220111905,0
14137724001,麻生区,栗木一丁目,139.474368,35.60511,10405,80613.82,0.57117263522425,0
14137724002,麻生区,栗木二丁目,139.469377,35.607867,0,0.0,0.350948047232615,1
14137724003,麻生区,栗木三丁目,139.471753,35.603925,2849,15062.34,0.7939496416747851,0
14137725001,麻生区,白鳥一丁目,139.487196,35.601313,14380,115731.23,0.1013971072734676,3
14137725002,麻生区,白鳥二丁目,139.483835,35.602827,7706,65946.29000000001,0.267780142465662,2
14137725003,麻生区,白鳥三丁目,139.48386,35.605455,15552,124422.34,0.31973698874456585,1
14137725004,麻生区,白鳥四丁目,139.486429,35.606339,24948,187000.54,0.5361060773288644,0
14137726001,麻生区,栗平一丁目,139.480595,35.604869,8517,73349.66,0.16490822991478143,1
14137726002,麻生区,栗平二丁目,139.480946,35.608341,20421,146949.72,0.22504702284946776,2
14137727001,麻生区,栗木台一丁目,139.476356,35.606717,14213,92185.84,0.3767657116669873,2
14137727002,麻生区,栗木台二丁目,139.472622,35.609995,7698,54587.83,0.24375347610127382,5
14137727003,麻生区,栗木台三丁目,139.474306,35.611265,8021,63011.9,0.19082332465578117,5
14137727004,麻生区,栗木台四丁目,139.477659,35.609084,7683,66989.83,0.20197183655042902,3
14137727005,麻生区,栗木台五丁目,139.477516,35.61196,8435,74183.39,0.0629764180786095,2
14137728000,麻生区,黒川,139.461727,35.613078,35353,239711.54,0.5038387456012982,0
14137729000,麻生区,南黒川,139.4714,35.613703,2478,21357.73,0.11722975469544233,5
14137730000,麻生区,岡上,139.480296,35.577119,63076,519765.87,0.32281445759495375,2
14137731001,麻生区,はるひ野一丁目,139.468322,35.616995,19853,140642.14,0.15970414964982876,5
14137731002,麻生区,はるひ野二丁目,139.464948,35.615675,14910,105323.0,0.19396619039568158,6
14137731003,麻生区,はるひ野三丁目,139.458806,35.617988,15578,101790.73,0.20750929648346483,2
14137731004,麻生区,はるひ野四丁目,139.462131,35.618888,19622,124725.31,0.10850450035594048,4
14137731005,麻生区,はるひ野五丁目,139.463921,35.621556,12792,76202.93000000001,0.3899239817696381,4
